dispute_id,order_id,dispute_create_time,status,reason
PP-R-XOC-469406292,32d9a467-97b2-48cc-aa71-f6aa5bcc2db1,2023-01-10 11:49:17.000000 UTC,RESOLVED,UNAUTHORISED
PP-R-AGZ-469775367,8ccf6f9d-5cdf-477a-843b-110c6d43bc4f,2023-01-13 11:34:32.000000 UTC,RESOLVED,UNAUTHORISED
PP-R-BYC-471146993,f5e16cd7-7e84-4d2a-8755-318c9bf8112b,2023-01-26 11:42:32.000000 UTC,RESOLVED,MERCHANDISE_OR_SERVICE_NOT_RECEIVED
PP-R-HEQ-470528337,b406ad8b-0a25-47fc-9965-cd862280b1b8,2023-01-20 11:47:16.000000 UTC,RESOLVED,INCORRECT_AMOUNT
PP-R-LSA-472377338,ec50d077-e377-4412-818b-a5b7e5a15880,2023-02-07 12:19:21.000000 UTC,RESOLVED,UNAUTHORISED
PP-R-NLF-470316859,45a54614-7462-43bf-be7e-e87436733ab6,2023-01-18 15:08:28.000000 UTC,RESOLVED,UNAUTHORISED
PP-R-FOI-468554024,388159d7-f3f9-40d0-a496-829180c79476,2023-01-02 18:53:59.000000 UTC,RESOLVED,UNAUTHORISED
PP-R-HIY-473356950,9521f484-0ff9-48e5-bfb1-fc0a39e75f40,2023-02-16 08:45:44.000000 UTC,RESOLVED,UNAUTHORISED
PP-R-KKE-473874270,1a9fef84-6285-4a56-9523-f89cfb9c4bd0,2023-02-21 11:50:05.000000 UTC,RESOLVED,CANCELED_RECURRING_BILLING
PP-R-QFI-471989173,70a9e584-3da8-4fc7-930c-42afc35f98e8,2023-02-03 11:12:37.000000 UTC,RESOLVED,UNAUTHORISED
PP-R-AFK-473157745,9a7aade6-a045-44bc-becd-e309e7e1514d,2023-02-14 16:07:35.000000 UTC,RESOLVED,UNAUTHORISED
PP-R-DBR-471144396,c4eaf6fb-2b11-4442-a79b-ae64c571157f,2023-01-26 11:20:59.000000 UTC,RESOLVED,CANCELED_RECURRING_BILLING
PP-R-DSG-472720602,e2a7fc0a-aea0-4c88-81e0-10ac418e36b5,2023-02-10 09:52:15.000000 UTC,RESOLVED,UNAUTHORISED
PP-R-YOI-469875279,5d1f83e7-8244-48d6-9621-edaf2db1ef7e,2023-01-14 11:16:39.000000 UTC,RESOLVED,UNAUTHORISED
PP-R-FSS-471695134,50c80d93-06d4-4487-9478-f05b80a6d073,2023-01-31 20:29:45.000000 UTC,RESOLVED,MERCHANDISE_OR_SERVICE_NOT_AS_DESCRIBED
PP-R-TNN-473145106,f2169968-d6dd-47b6-8550-b583309b1858,2023-02-14 14:39:05.000000 UTC,RESOLVED,UNAUTHORISED
PP-R-HQS-471397599,fb132a90-a7ef-4aef-8948-2315f7b43aa5,2023-01-28 20:53:32.000000 UTC,RESOLVED,CANCELED_RECURRING_BILLING
PP-R-RRP-473061350,afb897d5-25f4-4fce-8c1c-0def7280de33,2023-02-13 19:41:02.000000 UTC,RESOLVED,UNAUTHORISED
PP-R-OJP-471858361,e5b5ee81-08d8-46a2-b586-b0bc0d10eb4b,2023-02-02 05:22:34.000000 UTC,RESOLVED,UNAUTHORISED
PP-R-XSJ-473871211,1deb1424-a95e-418a-810a-84f1b1b39d27,2023-02-21 11:22:56.000000 UTC,RESOLVED,CANCELED_RECURRING_BILLING
PP-R-KVW-473143517,5faf2b7a-0489-4c4b-98ad-72446425d726,2023-02-14 14:27:55.000000 UTC,RESOLVED,INCORRECT_AMOUNT
PP-R-URU-474061659,9d5dc241-0949-4aa6-bdcc-08fb3a3412a7,2023-02-22 22:22:08.000000 UTC,RESOLVED,UNAUTHORISED
PP-R-PJJ-469913661,2d0e52e8-193d-4d04-aa4f-a67d10d5c3ca,2023-01-14 18:51:54.000000 UTC,RESOLVED,UNAUTHORISED
PP-R-TEH-471761586,0d1ec252-da61-43fe-a074-c1602d10e2a4,2023-02-01 11:33:31.000000 UTC,RESOLVED,CANCELED_RECURRING_BILLING
PP-R-SGR-472026633,1f534bdc-fd03-4a22-b115-0acae0941b9a,2023-02-03 18:19:45.000000 UTC,RESOLVED,MERCHANDISE_OR_SERVICE_NOT_AS_DESCRIBED
PP-R-PMA-472381886,0e0f950e-b55e-40b5-a464-cced7d6c134f,2023-02-07 13:00:33.000000 UTC,RESOLVED,MERCHANDISE_OR_SERVICE_NOT_AS_DESCRIBED
PP-R-OBW-474324880,4e23fd8b-0650-4fe7-989c-9866306ddd87,2023-02-25 11:55:20.000000 UTC,RESOLVED,MERCHANDISE_OR_SERVICE_NOT_AS_DESCRIBED
PP-R-KBC-472089595,1ce36631-6bd5-4081-964a-7dfe59ed8762,2023-02-04 11:26:56.000000 UTC,RESOLVED,CANCELED_RECURRING_BILLING
PP-R-LDV-473799333,64314e49-3125-47bc-a464-c4e9d664cb6e,2023-02-20 18:18:19.000000 UTC,RESOLVED,UNAUTHORISED
PP-R-PBJ-471767282,054640d4-97f6-44e3-8d4d-6a4ad86ab25a,2023-02-01 12:25:23.000000 UTC,RESOLVED,MERCHANDISE_OR_SERVICE_NOT_AS_DESCRIBED
PP-R-GDF-471143207,61d177a9-8f1d-4a87-a722-f52644f18978,2023-01-26 11:11:12.000000 UTC,RESOLVED,CANCELED_RECURRING_BILLING
PP-R-IEW-469806493,19c31c05-7696-4d9c-a712-67247f090e3f,2023-01-13 18:06:15.000000 UTC,RESOLVED,UNAUTHORISED
PP-R-LRN-471030121,d7826b7e-2e36-4472-beea-fbbacb7e9730,2023-01-25 11:31:08.000000 UTC,RESOLVED,INCORRECT_AMOUNT
PP-R-BZU-469413730,866a3000-d60f-44dc-9261-331ae80b15d7,2023-01-10 12:44:30.000000 UTC,RESOLVED,CANCELED_RECURRING_BILLING
PP-R-EBJ-472732089,68443645-8eb5-46f5-9341-0eeb9a23c3cf,2023-02-10 12:17:23.000000 UTC,RESOLVED,UNAUTHORISED
PP-R-KPB-468793559,c2411414-13d9-42b4-9192-b4efbf19abe3,2023-01-04 17:40:40.000000 UTC,RESOLVED,OTHER
PP-R-GKN-470653244,d18f6a79-f53b-4301-aa07-0d2f650dccea,2023-01-21 16:26:29.000000 UTC,RESOLVED,UNAUTHORISED
PP-R-BQY-474537405,581cad84-6fda-45b5-9bff-9a2a71fa350a,2023-02-27 19:02:06.000000 UTC,RESOLVED,UNAUTHORISED
PP-R-DLA-472730443,6c0473bf-f1cd-4290-b421-bf8c6be6da59,2023-02-10 12:02:09.000000 UTC,RESOLVED,INCORRECT_AMOUNT
PP-R-HJQ-473872025,9772d7cc-55d1-45db-bb27-7dc66ec79c32,2023-02-21 11:30:15.000000 UTC,RESOLVED,UNAUTHORISED
PP-R-BHL-472088453,fe0b29f1-c40c-4af8-b413-693d903082b1,2023-02-04 11:15:13.000000 UTC,RESOLVED,UNAUTHORISED
PP-R-EJP-472731702,0c596e91-8125-4b1a-ad2a-2d860a0cbd27,2023-02-10 12:13:41.000000 UTC,RESOLVED,UNAUTHORISED
PP-R-HIL-471708750,9d1d4c57-05ab-4b18-9d69-7239102cabcd,2023-01-31 22:06:45.000000 UTC,RESOLVED,MERCHANDISE_OR_SERVICE_NOT_AS_DESCRIBED
PP-R-UYT-474677313,7ae474be-d346-47f5-95da-d2f90d8925d1,2023-02-28 20:52:05.000000 UTC,RESOLVED,UNAUTHORISED
PP-R-HQV-474466678,8f98a446-4f87-4fa7-89d3-8e8f038161ce,2023-02-27 04:55:37.000000 UTC,RESOLVED,UNAUTHORISED
PP-R-ZEG-473136014,e6f89d37-8b11-4db4-874c-268b11967d78,2023-02-14 13:30:21.000000 UTC,RESOLVED,UNAUTHORISED
PP-R-VGN-473589844,41210b97-249f-4d1d-bfef-0443ad0c8202,2023-02-18 11:30:39.000000 UTC,RESOLVED,UNAUTHORISED
PP-R-UFU-468642372,cb1728c0-6a33-4bb7-8ba3-ff6a25d228a8,2023-01-03 13:56:21.000000 UTC,RESOLVED,MERCHANDISE_OR_SERVICE_NOT_AS_DESCRIBED
PP-R-DWI-473876767,c6a31fb4-2f20-4d14-84ac-5654024ee756,2023-02-21 12:11:56.000000 UTC,RESOLVED,UNAUTHORISED
PP-R-QWI-473524193,7decd629-e3a0-4f30-a71f-4bbf3d32d38e,2023-02-17 18:21:18.000000 UTC,RESOLVED,UNAUTHORISED
PP-R-GTU-472626333,64b453eb-7727-4fdd-9242-971f43516ea0,2023-02-09 13:34:47.000000 UTC,RESOLVED,UNAUTHORISED
PP-R-RES-471326590,f03d1e0d-8571-49de-9bbe-0d2a59da4483,2023-01-28 00:50:09.000000 UTC,RESOLVED,UNAUTHORISED
PP-R-EUJ-474428045,840e241b-9591-49d9-af43-ac06b51a5053,2023-02-26 18:00:05.000000 UTC,RESOLVED,UNAUTHORISED
PP-R-ZQU-473150179,3deb01fc-5760-4035-bead-dc9844480f85,2023-02-14 15:15:37.000000 UTC,RESOLVED,CANCELED_RECURRING_BILLING
PP-R-BCJ-469828323,26794f8b-623b-4509-9c91-3d884f10da8f,2023-01-13 20:36:25.000000 UTC,RESOLVED,UNAUTHORISED
PP-R-BLH-473873011,76117d22-94c1-4f23-b689-8812cb90b246,2023-02-21 11:39:00.000000 UTC,RESOLVED,MERCHANDISE_OR_SERVICE_NOT_AS_DESCRIBED
PP-R-HMH-473921662,fbbe2ea5-7b19-4385-920b-a70badcf38ce,2023-02-21 19:23:05.000000 UTC,RESOLVED,UNAUTHORISED
PP-R-GTF-474622137,e1d82b57-c48a-43da-b294-5e2cd3b5759f,2023-02-28 13:22:20.000000 UTC,RESOLVED,UNAUTHORISED
PP-R-UQR-470226925,f9fa26d6-3bf2-4581-adf0-e8d6bb7d376c,2023-01-17 18:27:02.000000 UTC,RESOLVED,UNAUTHORISED
PP-R-MVG-469577151,ed086a34-23e7-4db6-a8c6-58efb766f138,2023-01-11 18:34:16.000000 UTC,RESOLVED,UNAUTHORISED
PP-R-MOB-472613053,404962b2-afdf-4905-989c-781ef728a3ac,2023-02-09 11:23:00.000000 UTC,RESOLVED,CANCELED_RECURRING_BILLING
PP-R-OID-472089232,c872a662-f956-45c2-9756-1381a9b662bf,2023-02-04 11:23:19.000000 UTC,RESOLVED,CANCELED_RECURRING_BILLING
PP-R-EMM-473609589,d37966a6-1e15-4ed3-b14b-cf1409c3265f,2023-02-18 16:38:31.000000 UTC,RESOLVED,UNAUTHORISED
PP-R-WEQ-474229813,22aab020-5ba5-4362-9d73-9e24a1dfaf0d,2023-02-24 12:49:54.000000 UTC,RESOLVED,UNAUTHORISED
PP-R-BRX-471086573,7282b523-911c-4d93-b0d9-46b16c151e1e,2023-01-25 20:08:48.000000 UTC,RESOLVED,UNAUTHORISED
PP-R-HVK-472987238,b5314c01-dc9f-4ed5-be48-6cdcb30706b1,2023-02-13 06:12:22.000000 UTC,RESOLVED,UNAUTHORISED
PP-R-WQJ-473297354,c7357a1c-17e6-450d-a6d6-7bc4469172b1,2023-02-15 19:46:56.000000 UTC,RESOLVED,UNAUTHORISED
PP-R-PYA-470929142,669904a3-963a-430d-91ca-052de216a394,2023-01-24 14:03:36.000000 UTC,RESOLVED,UNAUTHORISED
PP-R-RPN-474322682,5ddaf612-649a-4909-ad4f-2f21dab9676a,2023-02-25 11:30:31.000000 UTC,RESOLVED,MERCHANDISE_OR_SERVICE_NOT_AS_DESCRIBED
PP-R-QMD-472125387,04c7de86-6140-4d5c-81d4-d693a62864fc,2023-02-04 19:23:27.000000 UTC,RESOLVED,UNAUTHORISED
PP-R-MNI-474625346,38a8f0c8-35d5-4509-a828-a26303ce43c8,2023-02-28 13:44:26.000000 UTC,RESOLVED,CANCELED_RECURRING_BILLING
PP-R-XKT-470301070,1653bf95-ff71-4c5b-9b7c-250a809e92e0,2023-01-18 12:00:11.000000 UTC,RESOLVED,MERCHANDISE_OR_SERVICE_NOT_AS_DESCRIBED
PP-R-PXD-469877892,cc84b02d-8a68-43a6-b587-9ae211889e8f,2023-01-14 11:42:20.000000 UTC,RESOLVED,UNAUTHORISED
PP-R-VOE-474030924,013dc3d6-f94f-4f2c-8c6c-018d4a591b8d,2023-02-22 18:06:19.000000 UTC,RESOLVED,UNAUTHORISED
PP-R-NIJ-471698772,3999bb79-e162-4872-a005-4dad996e204b,2023-01-31 20:55:19.000000 UTC,RESOLVED,UNAUTHORISED
PP-R-WAQ-472316403,4f599755-0ddf-41e2-87ce-b59366f8cf92,2023-02-06 21:33:17.000000 UTC,RESOLVED,UNAUTHORISED
PP-R-LSL-473874271,8123a7f9-65d0-4e51-92c8-a3bfe615b079,2023-02-21 11:50:06.000000 UTC,RESOLVED,MERCHANDISE_OR_SERVICE_NOT_AS_DESCRIBED
PP-R-EPZ-471254248,f3090193-0cf9-48a6-b66a-e63b6dd9bb32,2023-01-27 11:19:29.000000 UTC,RESOLVED,UNAUTHORISED
PP-R-JRD-472831471,461a185f-3de5-4e49-b7a3-4b249ad2d57d,2023-02-11 11:27:50.000000 UTC,RESOLVED,INCORRECT_AMOUNT
PP-R-LJO-474110036,96b2a634-6a48-4e99-8d81-5321fe898820,2023-02-23 11:31:24.000000 UTC,RESOLVED,UNAUTHORISED
PP-R-UXC-474327439,9c0ef83c-3f0d-4b52-82bc-51eb4f77c934,2023-02-25 12:24:07.000000 UTC,RESOLVED,UNAUTHORISED
PP-R-OOV-474117219,a4c591f2-6164-4084-baf5-cf5bebeab3fb,2023-02-23 12:37:22.000000 UTC,RESOLVED,CANCELED_RECURRING_BILLING
PP-R-MEL-470411553,5764d657-9086-4271-8a33-89cb001d8502,2023-01-19 11:29:18.000000 UTC,RESOLVED,UNAUTHORISED
PP-R-FXV-468623641,7402b936-3e6a-462e-989a-066736cab63f,2023-01-03 11:45:11.000000 UTC,RESOLVED,CANCELED_RECURRING_BILLING
PP-R-CSZ-469787501,68f9b491-8917-4254-b4bf-e4fd73829ee7,2023-01-13 14:05:08.000000 UTC,RESOLVED,UNAUTHORISED
PP-R-SOM-470838688,1a6135c0-6d4c-4333-b139-2f0bad081429,2023-01-23 18:37:22.000000 UTC,RESOLVED,UNAUTHORISED
PP-R-SAK-469724411,b626dc4b-ca56-43c2-b4b4-c19d9ad47d36,2023-01-12 21:25:54.000000 UTC,RESOLVED,UNAUTHORISED
PP-R-UTU-469410589,e6d92fe0-e95d-4afa-adb0-340a3d34ab04,2023-01-10 12:20:47.000000 UTC,RESOLVED,UNAUTHORISED
PP-R-OVS-473308043,1f0647c2-6032-4cd9-a423-9e1c999f3266,2023-02-15 21:11:27.000000 UTC,RESOLVED,UNAUTHORISED
PP-R-XVW-474117270,ab09dc62-294c-4804-9aa0-90be7da9fd08,2023-02-23 12:37:44.000000 UTC,RESOLVED,CANCELED_RECURRING_BILLING
PP-R-DSX-471144706,cc25c364-dd86-4c4e-b69e-15168571e53c,2023-01-26 11:23:26.000000 UTC,RESOLVED,CANCELED_RECURRING_BILLING
PP-R-UYV-471685634,344aa9bd-64aa-4ee0-b1bb-1b4ff66acda4,2023-01-31 19:26:59.000000 UTC,RESOLVED,MERCHANDISE_OR_SERVICE_NOT_AS_DESCRIBED
PP-R-KEK-471333576,36915c42-704f-416d-8054-d355599fc256,2023-01-28 02:39:39.000000 UTC,RESOLVED,UNAUTHORISED
PP-R-VXV-471146624,434ef71b-b102-4835-8008-77b315625a5b,2023-01-26 11:39:31.000000 UTC,RESOLVED,CANCELED_RECURRING_BILLING
PP-R-CPY-471857716,46091974-2465-4636-abff-0f9250f462b8,2023-02-02 05:06:04.000000 UTC,RESOLVED,UNAUTHORISED
PP-R-GVF-471255745,dfa4771f-43a7-4f38-a328-d56b4c57a26c,2023-01-27 11:31:35.000000 UTC,RESOLVED,UNAUTHORISED
PP-R-UWA-471571438,a2a213a3-165d-45bf-9296-a2962705325c,2023-01-30 19:10:39.000000 UTC,RESOLVED,UNAUTHORISED
PP-R-TBT-473346909,1595302d-fd04-4e52-a18d-57e2b289ace8,2023-02-16 06:25:49.000000 UTC,RESOLVED,UNAUTHORISED
PP-R-DPG-473320903,b65b7fe6-9ef4-46d8-a223-d1752982ae04,2023-02-15 22:58:05.000000 UTC,RESOLVED,UNAUTHORISED
PP-R-JAG-469662351,98ccd0a4-a46d-4dfb-adf2-883b048580d4,2023-01-12 11:30:59.000000 UTC,RESOLVED,UNAUTHORISED
PP-R-ZXD-471575679,984b63e6-08a2-4671-828d-c53b28f8ced7,2023-01-30 19:41:21.000000 UTC,RESOLVED,UNAUTHORISED
PP-R-PII-469375735,84b1675b-9e3b-4709-9d1a-fe587eeff68c,2023-01-10 03:21:21.000000 UTC,RESOLVED,UNAUTHORISED
PP-R-FIP-474532764,5c1e02d3-96e5-4cd0-8036-8368851348f1,2023-02-27 18:30:11.000000 UTC,RESOLVED,UNAUTHORISED
PP-R-WOI-470190964,de9d0714-a959-4d0a-86f4-c149b7fd56e0,2023-01-17 13:49:06.000000 UTC,RESOLVED,UNAUTHORISED
PP-R-MMR-471144324,aa4aeaf9-293b-4446-919a-5937bf76dbc0,2023-01-26 11:20:22.000000 UTC,RESOLVED,UNAUTHORISED
PP-R-NVE-472615471,83742e12-4f3a-4d34-b7b0-b04b052a6733,2023-02-09 11:44:31.000000 UTC,RESOLVED,UNAUTHORISED
PP-R-TUA-472735254,39f007b3-5225-4a76-bfe8-13517e4147ef,2023-02-10 12:44:36.000000 UTC,RESOLVED,CANCELED_RECURRING_BILLING
PP-R-PAV-470159498,714b94a6-81fd-4b87-91b0-afaf93eeabbe,2023-01-17 08:06:20.000000 UTC,RESOLVED,INCORRECT_AMOUNT
PP-R-YEN-471146084,d8d2782e-68e3-423a-89e8-2320374dcf4f,2023-01-26 11:34:55.000000 UTC,RESOLVED,CANCELED_RECURRING_BILLING
PP-R-PSH-471146182,f19d699b-15d0-4e33-817f-8b074a47ca04,2023-01-26 11:35:39.000000 UTC,RESOLVED,MERCHANDISE_OR_SERVICE_NOT_RECEIVED
PP-R-LOD-472729702,b7c69abc-c216-4c3b-9e07-5de63eb6d0aa,2023-02-10 11:55:25.000000 UTC,RESOLVED,UNAUTHORISED
PP-R-TXW-471340547,f698eb2b-612d-4245-a0b1-afbd22e6993d,2023-01-28 06:06:35.000000 UTC,RESOLVED,UNAUTHORISED
PP-R-KSM-474326834,153577b8-a66a-42e2-b5dc-d591318c726a,2023-02-25 12:17:08.000000 UTC,RESOLVED,UNAUTHORISED
PP-R-SWO-468759308,43ca2c96-5fb1-4723-9357-693f9cbeffd3,2023-01-04 12:21:01.000000 UTC,RESOLVED,CANCELED_RECURRING_BILLING
PP-R-OIQ-474618339,2d08fb39-94ff-4cc3-8098-782f56b04759,2023-02-28 12:53:18.000000 UTC,RESOLVED,UNAUTHORISED
PP-R-LFU-472774982,1c3f8413-135e-49e0-907d-3b61261b637d,2023-02-10 19:15:37.000000 UTC,RESOLVED,UNAUTHORISED
PP-R-GJE-472127777,7d33d245-f4c5-4ab6-9144-34483cb3b73d,2023-02-04 19:44:42.000000 UTC,RESOLVED,UNAUTHORISED
PP-R-LLB-473119218,3c4e5198-5e7c-427a-bb31-e569e3a4bbfc,2023-02-14 09:26:49.000000 UTC,RESOLVED,UNAUTHORISED
PP-R-BRB-472497521,a0fc14bd-850a-44e6-86e5-15787f1a197a,2023-02-08 11:33:12.000000 UTC,RESOLVED,CANCELED_RECURRING_BILLING
PP-R-WWR-474322681,a0fbd45d-d267-4cef-9bfe-8af865a81359,2023-02-25 11:30:30.000000 UTC,RESOLVED,INCORRECT_AMOUNT
PP-R-ILD-469876808,3c9da25e-8790-4c29-a640-5e7be2191d53,2023-01-14 11:31:49.000000 UTC,RESOLVED,UNAUTHORISED
PP-R-KTG-474675497,05f1e8a8-d584-4f6e-91de-2fd93cf63394,2023-02-28 20:32:42.000000 UTC,RESOLVED,UNAUTHORISED
PP-R-CAX-469412110,f668e6d2-96c3-4147-90e7-45eeaa996f69,2023-01-10 12:32:31.000000 UTC,RESOLVED,CANCELED_RECURRING_BILLING
PP-R-QWC-469776366,cf40a4b8-946b-48da-83f3-162f2e24b196,2023-01-13 11:43:22.000000 UTC,RESOLVED,UNAUTHORISED
PP-R-UKU-471696229,d622f605-ddee-474a-9a52-7a89a22cb895,2023-01-31 20:37:35.000000 UTC,RESOLVED,UNAUTHORISED
PP-R-MLF-473136652,bb9c7b91-dc32-4b62-beb7-60b3ff3d0c69,2023-02-14 13:35:00.000000 UTC,RESOLVED,UNAUTHORISED
PP-R-EHA-471143141,4f17bdef-2140-4b78-acf2-0ab7ef075068,2023-01-26 11:10:43.000000 UTC,RESOLVED,UNAUTHORISED
PP-R-WDQ-472386733,90cd3a99-5644-4cb4-8596-05cd80d5df4d,2023-02-07 13:39:40.000000 UTC,RESOLVED,MERCHANDISE_OR_SERVICE_NOT_AS_DESCRIBED
PP-R-YYL-472028734,d9e58f81-445a-4e5b-aeea-04b59461f6e4,2023-02-03 18:36:02.000000 UTC,RESOLVED,UNAUTHORISED
PP-R-YXY-473377256,38677bed-6a47-4ebe-b74c-9cc1301cb74f,2023-02-16 12:43:54.000000 UTC,RESOLVED,UNAUTHORISED
PP-R-MKJ-472771932,39649628-812f-4103-805b-833caedd070c,2023-02-10 18:51:10.000000 UTC,RESOLVED,UNAUTHORISED
PP-R-PRY-470145691,c88f6941-6860-4675-861e-9ac1d569a77c,2023-01-17 05:37:48.000000 UTC,RESOLVED,UNAUTHORISED
PP-R-MHB-470959338,1f09b053-5634-43e2-95e1-7b4846471b5e,2023-01-24 18:19:14.000000 UTC,RESOLVED,UNAUTHORISED
PP-R-LTU-470925934,ae802c2c-faf7-480a-a2ac-a98a805b21b1,2023-01-24 13:36:38.000000 UTC,RESOLVED,CANCELED_RECURRING_BILLING
PP-R-RRR-473874143,fa6c7e05-abf0-49a0-a92a-4999531d912a,2023-02-21 11:49:13.000000 UTC,RESOLVED,MERCHANDISE_OR_SERVICE_NOT_RECEIVED
PP-R-OUQ-472025527,f4152ac0-7d58-476d-8675-26585b998d8c,2023-02-03 18:11:07.000000 UTC,RESOLVED,UNAUTHORISED
PP-R-CSH-471143723,6f6f7953-092a-4d67-ac16-021865fad175,2023-01-26 11:15:11.000000 UTC,RESOLVED,MERCHANDISE_OR_SERVICE_NOT_RECEIVED
PP-R-ZLH-474322291,1a2a0d47-255e-4b5f-a340-99eaf53c4dd6,2023-02-25 11:25:57.000000 UTC,RESOLVED,UNAUTHORISED
PP-R-AWF-471031330,667ea65e-7996-4cae-a3fa-5ec41ef0c26c,2023-01-25 11:41:01.000000 UTC,RESOLVED,INCORRECT_AMOUNT
PP-R-QVP-471401880,5cb216a9-74ab-4cf5-9d7f-1e1939fbc157,2023-01-28 21:33:49.000000 UTC,RESOLVED,UNAUTHORISED
PP-R-HGW-471728570,3e74ebae-6797-4152-91fd-9b24ca0887f8,2023-02-01 01:01:34.000000 UTC,RESOLVED,UNAUTHORISED
PP-R-FRM-469874971,4e0d23a6-99f2-4730-b8b2-357a1036831d,2023-01-14 11:13:14.000000 UTC,RESOLVED,UNAUTHORISED
PP-R-HFK-473136717,21ece641-92eb-4b92-9351-4aa2add40636,2023-02-14 13:35:30.000000 UTC,RESOLVED,UNAUTHORISED
PP-R-BOR-469023534,56245ef2-fe46-4ed6-966a-c6f5e130acf9,2023-01-06 16:22:07.000000 UTC,RESOLVED,UNAUTHORISED
PP-R-HYX-473309578,4560ab0a-476f-4a41-8148-680bfb474979,2023-02-15 21:23:25.000000 UTC,RESOLVED,UNAUTHORISED
PP-R-ASJ-471682270,37159ae6-5525-4b52-a16c-ad8873b1608a,2023-01-31 19:05:18.000000 UTC,RESOLVED,MERCHANDISE_OR_SERVICE_NOT_AS_DESCRIBED
PP-R-SIR-472832816,798291fb-bbd0-4436-9f34-6cf49c50c039,2023-02-11 11:41:59.000000 UTC,RESOLVED,UNAUTHORISED
PP-R-TJS-472243208,75600ca4-d5d8-4c47-a324-2092a956eb7f,2023-02-06 07:57:07.000000 UTC,RESOLVED,UNAUTHORISED
PP-R-DBG-471697566,f40a3952-71c2-4788-8d94-c953cf2a2132,2023-01-31 20:46:30.000000 UTC,RESOLVED,UNAUTHORISED
PP-R-XOI-473293355,663a227a-b932-4daa-bf14-3cdf76229ad0,2023-02-15 19:16:08.000000 UTC,RESOLVED,UNAUTHORISED
PP-R-RMA-471143148,632ed491-d836-49fc-9c06-69ae64ad6a53,2023-01-26 11:10:45.000000 UTC,RESOLVED,UNAUTHORISED
PP-R-LOJ-472582571,8d970d1b-52c8-4540-91a7-9446d3a80140,2023-02-09 01:56:08.000000 UTC,RESOLVED,UNAUTHORISED
PP-R-STM-469577945,cb8c0ea9-3f97-438f-ad82-429790d775f1,2023-01-11 18:39:32.000000 UTC,RESOLVED,UNAUTHORISED
PP-R-CIS-469775678,8e300869-532c-4e89-88e0-55d00e326fef,2023-01-13 11:37:09.000000 UTC,RESOLVED,UNAUTHORISED
PP-R-UGY-473149560,a7333834-3d12-4eb6-a5ea-e23054effcf9,2023-02-14 15:10:49.000000 UTC,RESOLVED,MERCHANDISE_OR_SERVICE_NOT_RECEIVED
PP-R-BZY-468688486,69d09b93-75cf-4a40-9576-203088dbe82c,2023-01-03 19:56:03.000000 UTC,RESOLVED,UNAUTHORISED
PP-R-XTH-474350993,1abd0515-73f2-4549-b187-99e74295a18b,2023-02-25 17:49:36.000000 UTC,RESOLVED,UNAUTHORISED
PP-R-GAF-473282706,6ca2b3f6-0645-467e-aa98-0eee7b4d786d,2023-02-15 17:53:52.000000 UTC,RESOLVED,UNAUTHORISED
PP-R-RUP-471258614,b4e81036-d6e1-4924-b2c2-2e8e4f077164,2023-01-27 11:59:38.000000 UTC,RESOLVED,INCORRECT_AMOUNT
PP-R-UGG-469509086,b59c772b-2d0d-43f1-bdd4-89c3747ae562,2023-01-11 05:16:41.000000 UTC,RESOLVED,UNAUTHORISED
PP-R-GLS-471255747,23cfeaa9-3898-4d5d-aca2-05adee99cc8c,2023-01-27 11:31:36.000000 UTC,RESOLVED,UNAUTHORISED
PP-R-KUU-472816074,4d32ced0-f7f9-47b1-ada8-b0e374a3198a,2023-02-11 05:22:35.000000 UTC,RESOLVED,UNAUTHORISED
PP-R-VXZ-471306708,ce1fcca9-882f-475f-b0ce-d4f71d9abf8f,2023-01-27 20:29:08.000000 UTC,RESOLVED,UNAUTHORISED
PP-R-JCX-471146565,5bb2d41a-18ba-4eff-88ad-22a1e5a02c11,2023-01-26 11:39:00.000000 UTC,RESOLVED,CANCELED_RECURRING_BILLING
PP-R-FTX-473302679,54799a26-7c13-4161-b2fe-9184a51ebb88,2023-02-15 20:28:42.000000 UTC,RESOLVED,CANCELED_RECURRING_BILLING
PP-R-HHU-470984780,14e3b0c8-c353-4ee4-a63b-b7efbd6142b7,2023-01-24 22:32:03.000000 UTC,RESOLVED,UNAUTHORISED
PP-R-STD-469375745,093d1fa8-6e66-40ec-8417-2b63446a16e9,2023-01-10 03:21:39.000000 UTC,RESOLVED,UNAUTHORISED
PP-R-MYA-470914156,2e825ebf-8cb3-4fe3-a93a-5b06ba1a79b2,2023-01-24 11:59:04.000000 UTC,RESOLVED,UNAUTHORISED
PP-R-MEV-471658191,b87b76f0-5c90-4ea9-b3c7-76200bb04ae1,2023-01-31 15:31:42.000000 UTC,RESOLVED,UNAUTHORISED
PP-R-KYI-471268945,a06fac6d-a78c-4779-94e3-ff1cc6765c13,2023-01-27 14:28:17.000000 UTC,RESOLVED,UNAUTHORISED
PP-R-MMB-472613973,abbbdbbd-79b0-4108-bff4-36d9151447fd,2023-02-09 11:31:06.000000 UTC,RESOLVED,MERCHANDISE_OR_SERVICE_NOT_AS_DESCRIBED
PP-R-XZE-473995351,527e4e8d-6baf-4df7-bc4f-008d89d05813,2023-02-22 11:39:43.000000 UTC,RESOLVED,UNAUTHORISED
PP-R-GEL-471145613,96858497-fc20-412a-9686-5b76843bffd8,2023-01-26 11:30:56.000000 UTC,RESOLVED,UNAUTHORISED
PP-R-ZSE-469830694,27fed9f3-8d16-482d-b576-3c8496e6b651,2023-01-13 20:56:13.000000 UTC,RESOLVED,UNAUTHORISED
PP-R-PEG-473913675,006be40c-8295-4d38-b275-5828e0e08a26,2023-02-21 18:30:34.000000 UTC,RESOLVED,UNAUTHORISED
PP-R-ALD-472021585,4a9c7d95-d302-40bc-87ac-93613171d6ea,2023-02-03 17:42:40.000000 UTC,RESOLVED,UNAUTHORISED
PP-R-EPU-469772942,25db889c-2b46-4d69-b783-08421bcd40f4,2023-01-13 11:14:42.000000 UTC,RESOLVED,UNAUTHORISED
PP-R-ILV-472735372,f61a9fd7-3d26-4a9d-acaf-a73c17ba4160,2023-02-10 12:45:33.000000 UTC,RESOLVED,UNAUTHORISED
PP-R-QND-468623646,12171266-c63a-42b6-bb3a-26e67468c08f,2023-01-03 11:45:13.000000 UTC,RESOLVED,UNAUTHORISED
PP-R-PPI-472028458,79a15b6d-2594-4fef-a3cb-4600d60aad50,2023-02-03 18:33:58.000000 UTC,RESOLVED,UNAUTHORISED
PP-R-XJZ-472950463,b3a4cad1-7538-4c85-bd5a-5bf1b3c5536a,2023-02-12 19:03:48.000000 UTC,RESOLVED,CANCELED_RECURRING_BILLING
PP-R-TOM-471253468,c4b8d18d-3ea7-47e4-90b0-6aedccb3f01b,2023-01-27 11:12:50.000000 UTC,RESOLVED,UNAUTHORISED
PP-R-CIP-471340870,b7ebd1d4-1e22-4d90-9842-76eac0f416fe,2023-01-28 06:11:23.000000 UTC,RESOLVED,UNAUTHORISED
PP-R-OGU-472089235,c3cde74a-6b2e-444d-b4c2-2e502eb00245,2023-02-04 11:23:21.000000 UTC,RESOLVED,UNAUTHORISED
PP-R-BND-471846149,9b570770-8a36-4407-a2a8-3724a80bf553,2023-02-02 01:00:42.000000 UTC,RESOLVED,UNAUTHORISED
PP-R-BFQ-473804331,164a31c8-b2a9-446e-979b-39c3cd3bea41,2023-02-20 18:53:41.000000 UTC,RESOLVED,MERCHANDISE_OR_SERVICE_NOT_RECEIVED
PP-R-RWR-470535331,cb2a8714-329e-4f04-a47f-6b1eb870ff03,2023-01-20 12:49:50.000000 UTC,RESOLVED,UNAUTHORISED
PP-R-JAV-472603164,64c64a2d-0482-4abe-afed-ee997c93e17b,2023-02-09 08:56:14.000000 UTC,RESOLVED,UNAUTHORISED
PP-R-NYZ-474644550,9e283e11-65d5-4240-875a-f1e77718bf77,2023-02-28 16:42:43.000000 UTC,RESOLVED,UNAUTHORISED
PP-R-WDT-469720451,09362c5c-bd02-4dc0-900f-835b27946b42,2023-01-12 20:56:40.000000 UTC,RESOLVED,UNAUTHORISED
PP-R-QYP-469877959,76aae241-229b-45cb-a62b-2634a1f46895,2023-01-14 11:42:56.000000 UTC,RESOLVED,UNAUTHORISED
PP-R-ZEB-472728069,084a223f-8ac2-4737-a90f-82a6c2722780,2023-02-10 11:40:53.000000 UTC,RESOLVED,UNAUTHORISED
PP-R-BTQ-473318069,e77fc08f-a903-49e2-ad52-ef80b99ebfb8,2023-02-15 22:32:07.000000 UTC,RESOLVED,UNAUTHORISED
PP-R-MEL-473156123,c4ac917a-f843-4508-a18e-fe65189ec688,2023-02-14 15:56:49.000000 UTC,RESOLVED,MERCHANDISE_OR_SERVICE_NOT_AS_DESCRIBED
PP-R-NHV-471708764,7f0b05ea-8de2-4c65-a5c6-dc0a72e29812,2023-01-31 22:06:51.000000 UTC,RESOLVED,UNAUTHORISED
PP-R-XHN-472088594,e3499146-9cb1-4752-829a-cf824dfc4df0,2023-02-04 11:16:33.000000 UTC,RESOLVED,CANCELED_RECURRING_BILLING
PP-R-QMB-470831483,f70d2de1-5afe-48cc-9c88-4f465e4752b6,2023-01-23 17:43:56.000000 UTC,RESOLVED,CANCELED_RECURRING_BILLING
PP-R-BSE-473147620,cbf14e42-24a5-43c4-9851-2ecb2bd004f7,2023-02-14 14:57:21.000000 UTC,RESOLVED,UNAUTHORISED
PP-R-YWJ-470918965,8c8b0c85-cd3d-4c60-b0e1-f5d8d6def27d,2023-01-24 12:42:23.000000 UTC,RESOLVED,UNAUTHORISED
PP-R-RUB-472374636,f46d4290-8c5d-4866-8378-7dd275baa148,2023-02-07 11:56:14.000000 UTC,RESOLVED,INCORRECT_AMOUNT
PP-R-HEI-472387046,29aa465a-d3d8-4297-be9d-d7ec560e3b79,2023-02-07 13:41:52.000000 UTC,RESOLVED,UNAUTHORISED
PP-R-IVB-474144448,242fd467-3966-436d-b9ea-c34f93ea997c,2023-02-23 17:31:15.000000 UTC,RESOLVED,UNAUTHORISED
PP-R-FCE-474326758,ca924e26-1b22-4d3a-b0b4-c2f4882bf742,2023-02-25 12:16:17.000000 UTC,RESOLVED,UNAUTHORISED
PP-R-JAB-470194038,5a719ff9-bf23-49df-bc44-063428f3ff95,2023-01-17 14:10:15.000000 UTC,RESOLVED,CANCELED_RECURRING_BILLING
PP-R-LMA-468878787,08619103-09b1-4063-8b07-6a427e81fac5,2023-01-05 11:53:26.000000 UTC,RESOLVED,UNAUTHORISED
PP-R-NXK-469697107,e10c2e77-b28e-4691-abd9-11b78bbabab2,2023-01-12 18:19:06.000000 UTC,RESOLVED,UNAUTHORISED
PP-R-YYU-474657845,652d1362-db3d-464a-b098-a4f1691785bd,2023-02-28 18:23:23.000000 UTC,RESOLVED,UNAUTHORISED
PP-R-CDG-473408911,4fdc95a2-5271-454b-b7b2-c616845ac239,2023-02-16 17:57:04.000000 UTC,RESOLVED,UNAUTHORISED
PP-R-DFB-469474759,15dd75bd-c53a-4a12-912d-4d83f1c90ad3,2023-01-10 21:56:56.000000 UTC,RESOLVED,UNAUTHORISED
PP-R-AIA-472089583,f2e8543f-793c-44fe-8057-bc4632e70ffb,2023-02-04 11:26:45.000000 UTC,RESOLVED,CANCELED_RECURRING_BILLING
PP-R-PNN-473450824,a3c68dd3-d5f2-42b1-9d40-d1caad795ae9,2023-02-17 00:41:57.000000 UTC,RESOLVED,UNAUTHORISED
PP-R-KQO-470260852,1c431a8c-4e75-4a2f-9ffb-c6613ab637f7,2023-01-17 23:39:39.000000 UTC,RESOLVED,UNAUTHORISED
PP-R-PEF-471378202,9cc40528-fd66-486a-9fb6-0fdb6b9550cf,2023-01-28 18:01:28.000000 UTC,RESOLVED,CREDIT_NOT_PROCESSED
PP-R-RCL-472504688,80e94cd9-7151-4b3d-894a-532352cfb4c4,2023-02-08 12:34:54.000000 UTC,RESOLVED,UNAUTHORISED
PP-R-XPQ-473698961,3c2b9892-97e1-416f-bd94-dcd66ed3a0f2,2023-02-19 18:25:38.000000 UTC,RESOLVED,UNAUTHORISED
PP-R-MRA-473139916,e1784a41-7a9b-4ed3-8d93-9365066930ef,2023-02-14 14:00:32.000000 UTC,RESOLVED,UNAUTHORISED
PP-R-OFK-472729290,15c52db9-e1a2-4835-9221-cb5a2d32b88c,2023-02-10 11:51:38.000000 UTC,RESOLVED,UNAUTHORISED
PP-R-XYS-472733177,c5f7182f-a56a-4706-974b-669a45b5f18c,2023-02-10 12:26:16.000000 UTC,RESOLVED,UNAUTHORISED
PP-R-PCX-472135995,eaa9860a-d622-4175-b203-a427779437e0,2023-02-04 20:57:02.000000 UTC,RESOLVED,UNAUTHORISED
PP-R-AHU-473691368,87a91956-5cce-46f0-a1d3-8401b06390f0,2023-02-19 16:58:13.000000 UTC,RESOLVED,UNAUTHORISED
PP-R-KAO-471090615,4178fb47-c8a7-41c2-b2c7-b204944eda41,2023-01-25 20:36:43.000000 UTC,RESOLVED,UNAUTHORISED
PP-R-NJU-471390804,bb0acc1f-9517-4e84-b5ac-7475f1e6502c,2023-01-28 19:50:15.000000 UTC,RESOLVED,DUPLICATE_TRANSACTION
PP-R-KTD-469414537,2870054e-3c74-4e70-9eae-169fc4dce85b,2023-01-10 12:49:59.000000 UTC,RESOLVED,CANCELED_RECURRING_BILLING
PP-R-HWR-471914324,0e6f3837-b352-4ffe-a9ca-4d1843e76ff0,2023-02-02 17:32:13.000000 UTC,RESOLVED,UNAUTHORISED
PP-R-KRP-469023537,6b55ac2d-9d30-4bdc-9ae4-16718adce619,2023-01-06 16:22:07.000000 UTC,RESOLVED,UNAUTHORISED
PP-R-YJQ-471883842,2ee36585-7dde-4f22-b791-19998f7a0605,2023-02-02 12:08:20.000000 UTC,RESOLVED,CANCELED_RECURRING_BILLING
PP-R-VWF-468644997,720e54d9-4064-48e7-8a5a-234d6f363bc4,2023-01-03 14:14:30.000000 UTC,RESOLVED,UNAUTHORISED
PP-R-AFX-474221870,0789727b-8643-432f-8e82-ba5178cac7c8,2023-02-24 11:37:55.000000 UTC,RESOLVED,UNAUTHORISED
PP-R-EFJ-472386736,4a2d88ff-7219-45cb-a9b5-2a7ef6e6007f,2023-02-07 13:39:42.000000 UTC,RESOLVED,MERCHANDISE_OR_SERVICE_NOT_AS_DESCRIBED
PP-R-DAZ-470530883,67d0a155-f12b-4907-a338-5df2e02c628e,2023-01-20 12:11:08.000000 UTC,RESOLVED,MERCHANDISE_OR_SERVICE_NOT_AS_DESCRIBED
PP-R-MMS-468882834,6916e077-b5c0-4ed3-bb10-9c95135b807d,2023-01-05 12:27:52.000000 UTC,RESOLVED,CREDIT_NOT_PROCESSED
PP-R-RAF-473148881,717c9a3e-cf83-4a48-9135-846dee35fa28,2023-02-14 15:06:22.000000 UTC,RESOLVED,MERCHANDISE_OR_SERVICE_NOT_AS_DESCRIBED
PP-R-QPQ-474144689,59980e8d-b5f7-4130-a24f-57c2fd97b157,2023-02-23 17:33:02.000000 UTC,RESOLVED,UNAUTHORISED
PP-R-WDW-473168413,732cbe39-5faa-4ecc-b492-2001de844e9e,2023-02-14 17:31:10.000000 UTC,RESOLVED,DUPLICATE_TRANSACTION
PP-R-QQO-470300370,f0671a27-638a-48c0-85a0-2db76b3d41bb,2023-01-18 11:54:46.000000 UTC,RESOLVED,CANCELED_RECURRING_BILLING
PP-R-CME-471256044,93fe5e62-a3c1-4558-a5ca-6198b66763f6,2023-01-27 11:34:21.000000 UTC,RESOLVED,INCORRECT_AMOUNT
PP-R-ECL-471144283,34e5f186-b083-4521-90d8-9ff4fd946fda,2023-01-26 11:19:45.000000 UTC,RESOLVED,UNAUTHORISED
PP-R-RYT-470958408,163f5293-abe9-4045-bbfb-8c12fe08e21b,2023-01-24 18:13:02.000000 UTC,RESOLVED,UNAUTHORISED
PP-R-SLV-471540537,13d667c2-146d-43c8-810c-87bf0a5540b1,2023-01-30 15:04:12.000000 UTC,RESOLVED,UNAUTHORISED
PP-R-SNV-473377864,c73f3a6b-5182-48d5-9c61-80cf5c713dfb,2023-02-16 12:49:02.000000 UTC,RESOLVED,UNAUTHORISED
PP-R-ODZ-474145148,616a7302-5e73-4ac6-ba53-089f2f90eff9,2023-02-23 17:36:10.000000 UTC,RESOLVED,OTHER
PP-R-JCO-471843892,a78b4e63-bfc7-4701-9fa6-12ac374d8821,2023-02-02 00:38:15.000000 UTC,RESOLVED,UNAUTHORISED
PP-R-JBG-474325580,e069aa2b-22dd-4d21-bb34-bca0f3903b65,2023-02-25 12:03:28.000000 UTC,RESOLVED,INCORRECT_AMOUNT
PP-R-KGZ-472380315,4684dacc-8589-477a-816c-c33dee339dab,2023-02-07 12:46:12.000000 UTC,RESOLVED,INCORRECT_AMOUNT
880572,09ad8966-133e-44d3-96ab-3469d1c455d1,2023-01-23 00:00:00.000000 UTC,accepted,
859026,c2b48571-f1d1-4d87-a1f4-28f18e20cc08,2023-01-02 00:00:00.000000 UTC,accepted,
867412,b18a7504-ecc5-45a3-b787-ff598d097050,2023-01-12 00:00:00.000000 UTC,accepted,
918693,dd819146-020a-44f4-949f-5ddbd5c60713,2023-02-07 00:00:00.000000 UTC,accepted,
888872,eb64c215-fe8d-48f4-aaf3-4d1ee9c29c50,2023-01-20 00:00:00.000000 UTC,accepted,
914266,67a8471f-7da9-4422-ac96-fa4685e9e59d,2023-02-27 00:00:00.000000 UTC,accepted,
901775,7000bf87-d83d-4baf-8e46-2e0ddaf888a6,2023-02-14 00:00:00.000000 UTC,accepted,
894560,0bb16492-b506-4da7-89ee-f5f4071cfcce,2023-02-08 00:00:00.000000 UTC,accepted,
914265,9f3df30b-a18e-472d-9a20-ceaa94ba3482,2023-02-27 00:00:00.000000 UTC,accepted,
867082,f2c2984f-627e-44b5-9bea-94605843d6fd,2023-01-11 00:00:00.000000 UTC,accepted,
871062,180212e0-54d6-40ff-8488-07ff84f6b84e,2023-01-15 00:00:00.000000 UTC,accepted,
905058,7dc7d086-9a62-484b-a568-7470ba2bd0db,2023-02-17 00:00:00.000000 UTC,accepted,
886047,ba1b00f6-8fc4-46be-a9e5-c7768260a0fc,2023-01-30 00:00:00.000000 UTC,accepted,
887105,a7e1c824-3d2e-49fd-b464-eeccc9d5e4e3,2023-01-31 00:00:00.000000 UTC,accepted,
907845,afd82900-e874-44bf-a597-0f68704ab9a7,2023-02-20 00:00:00.000000 UTC,accepted,
878487,b6f56a91-896b-4e9e-940e-f56e728380f9,2023-01-23 00:00:00.000000 UTC,accepted,
868052,448dbf2c-3829-4dbf-b10b-96590c937b8d,2023-01-12 00:00:00.000000 UTC,accepted,
887104,f596b46a-f145-49c8-a514-cb7f172777e8,2023-01-31 00:00:00.000000 UTC,accepted,
881379,f2c39d21-7c14-40a7-94e8-3ea4bbfb2768,2023-01-25 00:00:00.000000 UTC,accepted,
869268,8a314947-1bad-4c28-a38b-1e8ab5b2ded1,2023-01-13 00:00:00.000000 UTC,accepted,
886048,caee864e-21b4-4741-9ca3-bb2485fae0bc,2023-01-30 00:00:00.000000 UTC,accepted,
887103,5e55cbc7-1e55-4bb9-85eb-9e6fae9af0f4,2023-01-31 00:00:00.000000 UTC,accepted,
909068,3a72601a-2a82-4a6c-9c53-f9e6afee2f05,2023-02-20 00:00:00.000000 UTC,accepted,
878043,7d43822a-940d-4302-962e-a80d1a3df4cd,2023-01-20 00:00:00.000000 UTC,accepted,
905059,106f3358-8d21-43ff-9b00-879df7e8d7e4,2023-02-17 00:00:00.000000 UTC,accepted,
881380,be35e0be-0b03-4695-904e-f35a9167aeb1,2023-01-25 00:00:00.000000 UTC,accepted,
888239,0d47b845-caf4-4c3b-b220-3bdfe1ad3499,2023-02-01 00:00:00.000000 UTC,accepted,
918699,ab48f5bb-76cf-48dd-967b-b5e6c66938a6,2023-02-03 00:00:00.000000 UTC,accepted,
913127,059cc09a-7794-44b1-b03a-552c33e24de5,2023-02-24 00:00:00.000000 UTC,accepted,
888867,e8a3334f-943a-4928-aa17-025f6c8784d9,2023-01-21 00:00:00.000000 UTC,accepted,
896115,f7444822-b82c-4f01-b848-dfd4dac58909,2023-02-08 00:00:00.000000 UTC,accepted,
907139,3ec88837-97f7-4534-94f9-a690191a5090,2023-02-17 00:00:00.000000 UTC,accepted,
862461,d9d72560-a79b-4510-a763-273ec2d9ec77,2023-01-05 00:00:00.000000 UTC,accepted,
907964,a5cc6641-2e43-4adb-b560-baf64aa215cc,2023-02-20 00:00:00.000000 UTC,accepted,
863081,090d97aa-41b1-4db3-9ab9-fe19910d5679,2023-01-07 00:00:00.000000 UTC,accepted,
913049,09454ac6-243a-49b6-a5ff-93865d6fa8e5,2023-02-25 00:00:00.000000 UTC,accepted,
880608,8b4c24a0-6e10-4300-9011-240462fa1cb5,2023-01-24 00:00:00.000000 UTC,accepted,
880333,ac012cce-d341-41ae-9476-859a296d4838,2023-01-24 00:00:00.000000 UTC,accepted,
906679,cd970d47-7a64-4633-b753-114b52975635,2023-02-18 00:00:00.000000 UTC,accepted,
894039,18395e30-7adf-4ec6-8044-cbf045310b97,2023-02-07 00:00:00.000000 UTC,accepted,
896936,efcea6bd-da0f-489a-af56-43ae0a38b448,2023-02-10 00:00:00.000000 UTC,accepted,
880339,5d693ac2-db06-4917-bbe8-d8bfcd6661bc,2023-01-24 00:00:00.000000 UTC,accepted,
914264,d9904c65-847c-4480-9c79-0b28670c6085,2023-02-27 00:00:00.000000 UTC,accepted,
913124,02410f41-8efa-4d89-baa0-c3524aaa2ce5,2023-02-24 00:00:00.000000 UTC,accepted,
894099,9c045e5a-363e-4244-baaa-4df0f920ab0b,2023-02-08 00:00:00.000000 UTC,reversed,
888878,267eaf7d-20b2-4235-8a14-afb0a0a5b6fb,2023-01-17 00:00:00.000000 UTC,accepted,
915434,d263b491-5964-4082-92ca-2d1225a2f6d1,2023-02-28 00:00:00.000000 UTC,accepted,
865388,99156b29-f32d-4246-aaf9-59bebccc3bf8,2023-01-09 00:00:00.000000 UTC,accepted,
894034,db973f73-4653-4384-a344-e2906e7fca36,2023-02-07 00:00:00.000000 UTC,accepted,
914316,c6248be8-00e7-406f-bb4e-73c7c213d940,2023-02-28 00:00:00.000000 UTC,accepted,
872993,d98e2771-317d-4dd8-b9b6-1ca602f745ae,2023-01-17 00:00:00.000000 UTC,accepted,
888779,41ddffd8-fa35-4072-a0c3-d95a5e6cf7ea,2023-02-01 00:00:00.000000 UTC,accepted,
890536,b72dea8a-0bff-4e28-92fa-8eecc258b2e6,2023-02-02 00:00:00.000000 UTC,accepted,
892075,6c14a16a-a502-4387-bd3e-63ea31c61fdc,2023-02-05 00:00:00.000000 UTC,accepted,
918689,a45a6047-9dbf-4529-bc77-553320e5f910,2023-02-04 00:00:00.000000 UTC,accepted,
890612,fe46af66-c010-4891-bb1f-0f056ca34b76,2023-02-01 00:00:00.000000 UTC,accepted,
867413,2bc06f82-0cdf-4de7-bd71-201846286a35,2023-01-12 00:00:00.000000 UTC,reversed,
892074,1ea801a6-ece8-448c-850a-9026d974c61a,2023-02-05 00:00:00.000000 UTC,accepted,
906913,35c57b2c-e3da-4d71-aaac-84f88a0048ae,2023-02-19 00:00:00.000000 UTC,accepted,
894100,a5fb3d50-31e6-4cae-9121-edccba3f2ebf,2023-02-08 00:00:00.000000 UTC,accepted,
885114,0d97530a-9a04-4d07-8e2a-c74a2d65cdf8,2023-01-30 00:00:00.000000 UTC,reversed,
858543,8b294de6-2830-4e8b-be83-31bb3a98c752,2023-01-02 00:00:00.000000 UTC,accepted,
891724,a8f6c5ce-fc8b-4295-a02c-1dc2000e2213,2023-02-05 00:00:00.000000 UTC,accepted,
888862,d17c692c-9a92-4054-af3b-a4fc4c64bc88,2023-01-30 00:00:00.000000 UTC,accepted,
887234,251e2e7c-5dce-4d1e-a745-e3e7936df265,2023-01-31 00:00:00.000000 UTC,accepted,
901357,e3052d09-411b-4ad5-a4db-e21b4621cfa5,2023-02-14 00:00:00.000000 UTC,accepted,
888865,8e44bf5b-134f-4435-ad15-a10dc90cf218,2023-01-23 00:00:00.000000 UTC,accepted,
875416,6d1d3164-6d2b-44fc-9bc0-fe6f4af91b02,2023-01-20 00:00:00.000000 UTC,reversed,
906917,b1c4b0fe-b8f6-48a1-bde9-25643ab0ae51,2023-02-19 00:00:00.000000 UTC,accepted,
892169,80cec7bd-80a7-4ce0-b318-8950d1417c3e,2023-02-06 00:00:00.000000 UTC,accepted,
867353,f2357f47-e131-4a20-92c4-c76f09c420f8,2023-01-11 00:00:00.000000 UTC,accepted,
888869,c2c5d59d-f00b-47f5-ac42-7c44ef9c3e46,2023-01-21 00:00:00.000000 UTC,accepted,
914262,38359435-19e0-45dd-92aa-a4a920b0d26e,2023-02-27 00:00:00.000000 UTC,accepted,
913126,cb8cd488-3900-4691-90ad-d14a1105c90e,2023-02-24 00:00:00.000000 UTC,accepted,
876127,a7986fd9-ae7a-4152-bd74-0e31956e5c8d,2023-01-19 00:00:00.000000 UTC,accepted,
924222,d9bc4b6b-0caa-4b78-b59b-a9cef69815b7,2023-02-15 00:00:00.000000 UTC,accepted,
921552,11b86a2e-b7e5-4f2a-a28d-a10ac14cb18a,2023-02-17 00:00:00.000000 UTC,accepted,
913131,e8b5c481-e8a0-4831-93d1-c1622e245daa,2023-02-24 00:00:00.000000 UTC,accepted,
887244,8ee41ea8-09b1-4260-bee0-a6a791d613a2,2023-01-31 00:00:00.000000 UTC,accepted,
903086,85a3dc8e-94d3-40e9-8fca-250779f91a29,2023-02-16 00:00:00.000000 UTC,accepted,
884322,92e38910-4257-43f9-8c8a-8c417b9fd062,2023-01-27 00:00:00.000000 UTC,accepted,
862462,ecafc0a1-0fde-421b-9c1f-abe0d6232024,2023-01-05 00:00:00.000000 UTC,accepted,
914994,b67182e2-8ed1-418a-9c36-8d82f52c3f12,2023-02-08 00:00:00.000000 UTC,accepted,
913122,11b4cd54-cc64-4dd5-a532-cba531407274,2023-02-24 00:00:00.000000 UTC,accepted,
914267,e3def482-bfec-4d67-9db1-89cacf472669,2023-02-27 00:00:00.000000 UTC,accepted,
861974,ce8a520a-72ab-4748-8ab5-1d250234aed5,2023-01-06 00:00:00.000000 UTC,accepted,
915109,cfa9b18b-9987-40d0-a57c-e4809d52589d,2023-02-28 00:00:00.000000 UTC,reversed,
888863,f24f6bd4-f2bb-4e50-b82d-ea058bcd179d,2023-01-27 00:00:00.000000 UTC,accepted,
894033,b8032684-d12a-479f-b51a-6068dd04acae,2023-02-07 00:00:00.000000 UTC,accepted,
866259,336a3cbe-f3b0-40d8-8920-a9c7e27c4cfa,2023-01-11 00:00:00.000000 UTC,accepted,
877499,295caaf0-b806-4ab5-8c42-50bcf98211d5,2023-01-21 00:00:00.000000 UTC,accepted,
916460,ceb838be-0e6c-49ca-b70a-6cc31dfdd972,2023-02-09 00:00:00.000000 UTC,accepted,
899338,526e17ab-b47b-45d9-adfd-566ad717c7be,2023-02-10 00:00:00.000000 UTC,accepted,
865384,63d068c7-d73c-4c67-850e-3de361e84f61,2023-01-09 00:00:00.000000 UTC,accepted,
880343,39be2063-b18f-4067-89e1-8168dd3e6b8e,2023-01-24 00:00:00.000000 UTC,accepted,
899337,99f48b4d-8af1-434c-ab16-376fb234a0ad,2023-02-10 00:00:00.000000 UTC,accepted,
888875,d9a316fa-5ce4-4c23-8c95-42c7fabf5ed2,2023-01-19 00:00:00.000000 UTC,accepted,
916463,48e16652-d06c-41da-b0ba-b645b7e480f3,2023-02-09 00:00:00.000000 UTC,accepted,
884321,b19dbebe-3ce7-4b50-88c1-97b325b3388d,2023-01-27 00:00:00.000000 UTC,accepted,
880609,58a3c7d6-4ea5-49f6-b153-ac89eacae578,2023-01-24 00:00:00.000000 UTC,accepted,
870462,509972c5-5bc3-4ec9-85df-dd9fce2a7f52,2023-01-14 00:00:00.000000 UTC,accepted,
901339,02809c36-bdf1-437d-954d-1da7d065f51b,2023-02-14 00:00:00.000000 UTC,accepted,
888868,ed14b26d-e6ef-4b57-b4a5-f879026a9068,2023-01-21 00:00:00.000000 UTC,accepted,
915435,95b73241-0326-4bd3-a804-f78b6b0a263d,2023-02-28 00:00:00.000000 UTC,accepted,
881781,b5bd9a9c-ab3a-4ab7-bdf2-7879212b0cb4,2023-01-25 00:00:00.000000 UTC,accepted,
888880,f1ac5085-b30f-45a3-8041-4f79a5f6b4a8,2023-01-11 00:00:00.000000 UTC,accepted,
885276,d60d33f9-0da6-4143-868d-d97f3e841139,2023-01-29 00:00:00.000000 UTC,accepted,
888866,454c05ca-4677-4f30-adf3-df03161c2e08,2023-01-21 00:00:00.000000 UTC,accepted,
918683,c4011583-17c6-46e4-a223-703948f5602d,2023-02-10 00:00:00.000000 UTC,accepted,
896116,487a4440-6a5f-4f90-9d24-cef59bd0466c,2023-02-08 00:00:00.000000 UTC,accepted,
880610,5447654d-0fde-4f15-8e9d-aa8350978cd9,2023-01-24 00:00:00.000000 UTC,accepted,
888874,b0d6f6a6-6f80-4684-830c-b588970f36d0,2023-01-19 00:00:00.000000 UTC,accepted,
888783,cb5869d6-36f2-4f90-802d-b3017917166e,2023-02-01 00:00:00.000000 UTC,accepted,
888864,5472bdfd-ef80-492d-8734-b977a95b54cf,2023-01-23 00:00:00.000000 UTC,accepted,
868972,ff94bd2c-9e7e-4d91-8541-28e386505799,2023-01-13 00:00:00.000000 UTC,accepted,
871599,eaf2f8a6-ab43-4025-a180-6c4aa36a0166,2023-01-16 00:00:00.000000 UTC,accepted,
903751,843c0b36-d0da-4f43-857a-d87c5ba9d1dd,2023-02-16 00:00:00.000000 UTC,accepted,
918687,2fedac11-f7a7-432a-af88-815505b73269,2023-02-07 00:00:00.000000 UTC,accepted,
888876,6bf7a81a-7eb7-4ba3-9627-d3d1cdd85ad8,2023-01-18 00:00:00.000000 UTC,accepted,
888782,85f1e418-98df-4dba-b4c6-19329a6b496d,2023-02-01 00:00:00.000000 UTC,accepted,
890298,189ff0b5-3d54-4be5-94a1-648a5a7e2bcc,2023-02-02 00:00:00.000000 UTC,accepted,
888879,2cdc8a4a-9254-472e-b078-aef81a13a1bc,2023-01-13 00:00:00.000000 UTC,accepted,
888781,450a0e5e-afc5-4ddc-8965-534b9180d447,2023-02-01 00:00:00.000000 UTC,accepted,
894563,1979d6cb-280d-4c20-b779-68285952d39f,2023-02-08 00:00:00.000000 UTC,accepted,
918695,28d23fbb-f308-4d33-a631-b5edb75a50aa,2023-02-03 00:00:00.000000 UTC,accepted,
879786,c6237e8c-1694-4a0d-a5d5-e7b5e6bed554,2023-01-24 00:00:00.000000 UTC,accepted,
880611,35d23b96-355c-4584-b53c-18902d9375c8,2023-01-24 00:00:00.000000 UTC,accepted,
888871,9d7fa5ff-a5fe-42cc-96c5-07708a9bdda6,2023-01-20 00:00:00.000000 UTC,accepted,
918709,e2e276e6-f4f0-42f8-90ad-c141bed7c788,2023-02-07 00:00:00.000000 UTC,accepted,
896117,445fe140-12c0-4d93-b39a-ed65665c8b3b,2023-02-08 00:00:00.000000 UTC,accepted,
871601,0975152c-34b9-4bf2-8102-d46a57e99ea9,2023-01-16 00:00:00.000000 UTC,accepted,
897156,4904c643-28fd-48a9-917b-fbfdef5720d3,2023-02-09 00:00:00.000000 UTC,accepted,
893481,9abf333b-193c-41d5-a281-fc0fd17eea13,2023-02-06 00:00:00.000000 UTC,accepted,
888780,ad886eb6-2fc7-4c75-abcb-4ecb8e3f97bf,2023-02-01 00:00:00.000000 UTC,accepted,
888881,2ef42264-6546-4bf2-a48e-921b34c78bf8,2023-01-11 00:00:00.000000 UTC,accepted,
888877,82bca8e7-961f-4b1b-ab19-6265426c491a,2023-01-17 00:00:00.000000 UTC,accepted,
892714,eea62dce-79eb-4449-a4e9-6221e62c7491,2023-02-06 00:00:00.000000 UTC,accepted,
913949,53982c6f-0a5b-4298-a6e4-babf50c203a0,2023-02-27 00:00:00.000000 UTC,accepted,
871600,77fba064-c46c-4943-b21a-3ca1c77dc6d4,2023-01-16 00:00:00.000000 UTC,accepted,
871603,4b98060b-073a-4e3c-aa29-91803b747069,2023-01-16 00:00:00.000000 UTC,accepted,
888870,0c4e6c6e-7eaf-4d19-95a6-acc478035521,2023-01-20 00:00:00.000000 UTC,accepted,
918690,d60dc08b-e81a-4c9f-905d-24c94a5f11ba,2023-02-07 00:00:00.000000 UTC,accepted,
862419,1ad6bae0-ff48-4148-879f-0cbae4e46b5e,2023-01-06 00:00:00.000000 UTC,accepted,
888873,cd9ed3d3-812d-4871-a24d-28d75d394265,2023-01-19 00:00:00.000000 UTC,accepted,
862421,775bc5c8-61dd-4c8a-9819-a6c78a6b9b0c,2023-01-06 00:00:00.000000 UTC,accepted,
882904,15757863-1df2-4b31-bf3b-93c73174ba34,2023-01-27 00:00:00.000000 UTC,accepted,
867411,25677976-fc40-48b2-909f-ee36e2b6b82b,2023-01-12 00:00:00.000000 UTC,accepted,
880386,6e580352-f55e-4700-aebe-7ee51b6c2cf5,2023-01-25 00:00:00.000000 UTC,accepted,
912357,1cb41442-f3a8-42a6-9ec8-558c5974ef3c,2023-02-25 00:00:00.000000 UTC,accepted,
889597,619f73f6-d2ce-4359-ba23-75aee586f5da,2023-02-02 00:00:00.000000 UTC,accepted,
862056,dc718a3d-0edc-4fe9-a355-35f8843325b6,2023-01-06 00:00:00.000000 UTC,accepted,
876130,29ba159f-56ea-452b-ad60-8048f6c6d365,2023-01-19 00:00:00.000000 UTC,accepted,
888882,8cdde054-ee03-4ad1-a470-b1c56bddb9cd,2023-01-11 00:00:00.000000 UTC,accepted,
897155,e1a71047-9dd6-445d-a2de-ad46c68f79f9,2023-02-09 00:00:00.000000 UTC,accepted,
881780,2c43c25d-b319-4106-b7e6-11e168c5aeeb,2023-01-25 00:00:00.000000 UTC,accepted,
870524,01f16ae0-3cb2-4d31-89ad-a650e4a1b784,2023-01-15 00:00:00.000000 UTC,accepted,
885111,dbcab827-0e08-46c0-8014-241b65c07fb1,2023-01-30 00:00:00.000000 UTC,accepted,
885113,dcc86a61-a360-4eba-9fad-ca41198f7d0e,2023-01-30 00:00:00.000000 UTC,accepted,
885112,49ef9d79-cf04-460b-b45d-035e72bff626,2023-01-30 00:00:00.000000 UTC,accepted,
872225,bf1b2477-af13-41d3-8139-06d568874f5e,2023-01-17 00:00:00.000000 UTC,accepted,
886124,fc26058e-e62d-42c5-a8ca-3893a44bf7be,2023-01-31 00:00:00.000000 UTC,reversed,
859606,b5ed8f40-61d4-4532-8858-4713bf02171e,2023-01-04 00:00:00.000000 UTC,accepted,
857864,ccde65ea-5808-4efd-a4bf-355f76d7f2b7,2023-01-02 00:00:00.000000 UTC,accepted,
891722,51a18083-03ca-45d0-825f-6cf8b9309f64,2023-02-05 00:00:00.000000 UTC,accepted,
891723,f0b6d9b7-5f38-4f1f-a279-300979a08174,2023-02-05 00:00:00.000000 UTC,accepted,